event_type,template,arg1,arg2,arg3,arg4,arg5
artifactexistence.artifactfailure.mechanicalfailure,<arg1> mechanical artifact failed due to  instrument at <arg3> place,evt152arg01mechanicalartifact,,,,
artifactexistence.artifactfailure.mechanicalfailure,Mechanical artifact failed due to <arg2> instrument at  place,,evt152arg02instrument,,,
artifactexistence.artifactfailure.mechanicalfailure,Mechanical artifact failed due to instrument at <arg3> place,,,evt152arg03place,,
artifactexistence.damagedestroy.unspecified,<arg1> damaged or destroyed something using instrument in place,evt001arg01damagerdestroyer,,,,
artifactexistence.damagedestroy.unspecified,Damager damaged or destroyed <arg2> using instrument in place,,evt001arg02artifact,,,
artifactexistence.damagedestroy.unspecified,Damager damaged or destroyed something using <arg3> instrument in place,,,evt001arg03instrument,,
artifactexistence.damagedestroy.unspecified,Damager damaged or destroyed something using instrument in <arg4> place,,,,evt001arg04place,
artifactexistence.damagedestroy.damage,<arg1> damaged something using instrument in place,evt002arg01damager,,,,
artifactexistence.damagedestroy.damage,Damager damaged <arg2> using instrument in place,,evt002arg02artifact,,,
artifactexistence.damagedestroy.damage,Damager damaged something using <arg3> instrument in place,,,evt002arg03instrument,,
artifactexistence.damagedestroy.damage,Damager damaged something using instrument in <arg4> place,,,,evt002arg04place,
artifactexistence.damagedestroy.destroy,<arg1> destroyed something using instrument in place,evt003arg01destroyer,,,,
artifactexistence.damagedestroy.destroy,Damager destroyed <arg2> using instrument in place,,evt003arg02artifact,,,
artifactexistence.damagedestroy.destroy,Damager destroyed something using <arg3> instrument in place,,,evt003arg03instrument,,
artifactexistence.damagedestroy.destroy,Damager destroyed something using instrument in <arg4> place,,,,evt003arg04place,
artifactexistence.shortage.shortage,<arg1> experienced a shortage of something supply at place,evt149arg01experiencer ,,,,
artifactexistence.shortage.shortage,Experiencer experienced a shortage of <arg2> supply at place,,evt149arg02supply ,,,
artifactexistence.shortage.shortage,Experiencer experienced a shortage of something supply at <arg3> place,,,evt149arg03place ,,
conflict.attack.unspecified,<arg1> attacked target using something at place,evt004arg01attacker,,,,
conflict.attack.unspecified,Attacker attacked <arg2> using something at place,,evt004arg02target,,,
conflict.attack.unspecified,Attacker attacked target using <arg3> at place,,,evt004arg03instrument,,
conflict.attack.unspecified,Attacker attacked target using something at <arg4> place,,,,evt004arg04place,
conflict.attack.airstrikemissilestrike,<arg1> attacked target using something at place,evt005arg01attacker,,,,
conflict.attack.airstrikemissilestrike,Attacker attacked <arg2> using something at place,,evt005arg02target,,,
conflict.attack.airstrikemissilestrike,Attacker attacked target using <arg3> at place,,,evt005arg03instrument,,
conflict.attack.airstrikemissilestrike,Attacker attacked target using something at <arg4> place,,,,evt005arg04place,
conflict.attack.biologicalchemicalpoisonattack,<arg1> attacked target using something at place,evt006arg01attacker,,,,
conflict.attack.biologicalchemicalpoisonattack,Attacker attacked <arg2> using something at place,,evt006arg02target,,,
conflict.attack.biologicalchemicalpoisonattack,Attacker attacked target using <arg3> at place,,,evt006arg03instrument,,
conflict.attack.biologicalchemicalpoisonattack,Attacker attacked target using something at <arg4> place,,,,evt006arg04place,
conflict.attack.bombing,<arg1> attacked target using something at place,evt007arg01attacker,,,,
conflict.attack.bombing,Attacker attacked <arg2> using something at place,,evt007arg02target,,,
conflict.attack.bombing,Attacker attacked target using <arg3> at place,,,evt007arg03instrument,,
conflict.attack.bombing,Attacker attacked target using something at <arg4> place,,,,evt007arg04place,
conflict.attack.firearmattack,<arg1> attacked target using something at place,evt008arg01attacker,,,,
conflict.attack.firearmattack,Attacker attacked <arg2> using something at place,,evt008arg02target,,,
conflict.attack.firearmattack,Attacker attacked target using <arg3> at place,,,evt008arg03instrument,,
conflict.attack.firearmattack,Attacker attacked target using something at <arg4> place,,,,evt008arg04place,
conflict.attack.hanging,<arg1> attacked target using something at place,evt009arg01attacker,,,,
conflict.attack.hanging,Attacker attacked <arg2> using something at place,,evt009arg02target,,,
conflict.attack.hanging,Attacker attacked target using <arg3> at place,,,evt009arg03instrument,,
conflict.attack.hanging,Attacker attacked target using something at <arg4> place,,,,evt009arg04place,
conflict.attack.invade,<arg1> attacked target using something at place,evt010arg01attacker,,,,
conflict.attack.invade,Attacker attacked <arg2> using something at place,,evt010arg02target,,,
conflict.attack.invade,Attacker attacked target using <arg3> at place,,,evt010arg03instrument,,
conflict.attack.invade,Attacker attacked target using something at <arg4> place,,,,evt010arg04place,
conflict.attack.selfdirectedbattle,<arg1> attacked target using something at place,evt011arg01attacker,,,,
conflict.attack.selfdirectedbattle,Attacker attacked <arg2> using something at place,,evt011arg02target,,,
conflict.attack.selfdirectedbattle,Attacker attacked target using <arg3> at place,,,evt011arg03instrument,,
conflict.attack.selfdirectedbattle,Attacker attacked target using something at <arg4> place,,,,evt011arg04place,
conflict.attack.setfire,<arg1> attacked target using something at place,evt012arg01attacker,,,,
conflict.attack.setfire,Attacker attacked <arg2> using something at place,,evt012arg02target,,,
conflict.attack.setfire,Attacker attacked target using <arg3> at place,,,evt012arg03instrument,,
conflict.attack.setfire,Attacker attacked target using something at <arg4> place,,,,evt012arg04place,
conflict.attack.stabbing,<arg1> attacked target using something at place,evt013arg01attacker,,,,
conflict.attack.stabbing,Attacker attacked <arg2> using something at place,,evt013arg02target,,,
conflict.attack.stabbing,Attacker attacked target using <arg3> at place,,,evt013arg03instrument,,
conflict.attack.stabbing,Attacker attacked target using something at <arg4> place,,,,evt013arg04place,
conflict.attack.stealrobhijack,<arg1> attacked target using something at place in order to take something,evt014arg01attacker,,,,
conflict.attack.stealrobhijack,Attacker attacked <arg2> using something at place in order to take something,,evt014arg02target,,,
conflict.attack.stealrobhijack,Attacker attacked target using <arg3> at place in order to take something,,,evt014arg03instrument,,
conflict.attack.stealrobhijack,Attacker attacked target using something at <arg4> place in order to take something,,,,evt014arg04place,
conflict.attack.stealrobhijack,Attacker attacked target using something at place in order to take <arg5>,,,,,evt014arg05artifact
conflict.attack.strangling,<arg1> attacked target using something at place,evt015arg01attacker,,,,
conflict.attack.strangling,Attacker attacked <arg2> using something at place,,evt015arg02target,,,
conflict.attack.strangling,Attacker attacked target using <arg3> at place,,,evt015arg03instrument,,
conflict.attack.strangling,Attacker attacked target using something at <arg4> place,,,,evt015arg04place,
conflict.coup.coup,<arg1> was deposed by somebody at place,evt151arg01deposedentity ,,,,
conflict.coup.coup,Somebody was deposed by <arg2> at place,,evt151arg02deposingentity ,,,
conflict.coup.coup,Somebody was deposed by somebody at <arg3> place,,,evt151arg03place ,,
conflict.demonstrate.unspecified,<arg1> was in a demonstration at place,evt016arg01demonstrator,,,,
conflict.demonstrate.unspecified,Demonstrator was in a demonstration at <arg2> place,,evt016arg02place,,,
conflict.demonstrate.marchprotestpoliticalgathering,<arg1> was in a demonstration or protest at place,evt017arg01demonstrator,,,,
conflict.demonstrate.marchprotestpoliticalgathering,Demonstrator was in a demonstration or protest at <arg2> place,,evt017arg02place,,,
conflict.yield.unspecified,<arg1> yielded to recipient at place,evt018arg01yielder,,,,
conflict.yield.unspecified,Yielder yielded to <arg2> at place,,evt018arg02recipient,,,
conflict.yield.unspecified,Yielder yielded to recipient at <arg3> place,,,evt018arg03place,,
conflict.yield.retreat,<arg1> retreated from original place to target place,evt019arg01retreater,,,,
conflict.yield.retreat,Retreater retreated from <arg2> place to target place,,evt019arg02origin,,,
conflict.yield.retreat,Retreater retreated from original place to <arg3> place,,,evt019arg03destination,,
conflict.yield.surrender,<arg1> surrendered to recipient at place,evt020arg01surrenderer,,,,
conflict.yield.surrender,Surrenderer surrendered to <arg2> at place,,evt020arg02recipient,,,
conflict.yield.surrender,Surrenderer surrendered to recipient at <arg3> place,,,evt020arg03place,,
contact.collaborate.unspecified,<arg1> communicated with participant at place,evt021arg01participant,,,,
contact.collaborate.unspecified,Participant communicated with <arg2> at place,,evt021arg02participant,,,
contact.collaborate.unspecified,Participant communicated with participant at <arg3> place,,,evt021arg03place,,
contact.collaborate.correspondence,<arg1> communicated remotely with participant at place,evt022arg01participant,,,,
contact.collaborate.correspondence,Participant communicated remotely with <arg2> at place,,evt022arg02participant,,,
contact.collaborate.correspondence,Participant communicated remotely with participant at <arg3> place,,,evt022arg03place,,
contact.collaborate.meet,<arg1> met face-to-face with participant at place,evt023arg01participant,,,,
contact.collaborate.meet,Participant met face-to-face with <arg2> at place,,evt023arg02participant,,,
contact.collaborate.meet,Participant met face-to-face with participant at <arg3> place,,,evt023arg03place,,
contact.commandorder.unspecified,<arg1> communicated with recipient about topic at place,evt024arg01communicator,,,,
contact.commandorder.unspecified,Communicator communicated with <arg2> about topic at place,,evt024arg02recipient,,,
contact.commandorder.unspecified,Communicator communicated with recipient about topic at <arg3> place,,,evt024arg03place,,
contact.commandorder.unspecified,Communicator communicated with recipient about <arg4> topic at place,,,,evt024arg04topic,
contact.commandorder.broadcast,<arg1> communicated to recipient about topic at place (one-way communication),evt025arg01communicator,,,,
contact.commandorder.broadcast,Communicator communicated to <arg2> about topic at place (one-way communication),,evt025arg02recipient,,,
contact.commandorder.broadcast,Communicator communicated to recipient about topic at <arg3> place (one-way communication),,,evt025arg03place,,
contact.commandorder.broadcast,Communicator communicated to recipient about <arg4> topic at place (one-way communication),,,,evt025arg04topic,
contact.commandorder.correspondence,<arg1> communicated remotely with recipient about topic at place,evt026arg01communicator,,,,
contact.commandorder.correspondence,Communicator communicated remotely with <arg2> about topic at place,,evt026arg02recipient,,,
contact.commandorder.correspondence,Communicator communicated remotely with recipient about topic at <arg3> place,,,evt026arg03place,,
contact.commandorder.correspondence,Communicator communicated remotely with recipient about <arg4> topic at place,,,,evt026arg04topic,
contact.commandorder.meet,<arg1> met face-to-face with recipient about topic at place,evt027arg01communicator,,,,
contact.commandorder.meet,Communicator met face-to-face with <arg2> about topic at place,,evt027arg02recipient,,,
contact.commandorder.meet,Communicator met face-to-face with recipient about topic at <arg3> place,,,evt027arg03place,,
contact.commandorder.meet,Communicator met face-to-face with recipient about <arg4> topic at place,,,,evt027arg04topic,
contact.commitmentpromiseexpressintent.unspecified,<arg1> communicated with recipient about topic at place,evt028arg01communicator,,,,
contact.commitmentpromiseexpressintent.unspecified,Communicator communicated with <arg2> about topic at place,,evt028arg02recipient,,,
contact.commitmentpromiseexpressintent.unspecified,Communicator communicated with recipient about topic at <arg3> place,,,evt028arg03place,,
contact.commitmentpromiseexpressintent.unspecified,Communicator communicated with recipient about <arg4> topic at place,,,,evt028arg04topic,
contact.commitmentpromiseexpressintent.broadcast,<arg1> communicated to recipient about topic at place (one-way communication),evt029arg01communicator,,,,
contact.commitmentpromiseexpressintent.broadcast,Communicator communicated to <arg2> about topic at place (one-way communication),,evt029arg02recipient,,,
contact.commitmentpromiseexpressintent.broadcast,Communicator communicated to recipient about topic at <arg3> place (one-way communication),,,evt029arg03place,,
contact.commitmentpromiseexpressintent.broadcast,Communicator communicated to recipient about <arg4> topic at place (one-way communication),,,,evt029arg04topic,
contact.commitmentpromiseexpressintent.correspondence,<arg1> communicated remotely with recipient about topic at place,evt030arg01communicator,,,,
contact.commitmentpromiseexpressintent.correspondence,Communicator communicated remotely with <arg2> about topic at place,,evt030arg02recipient,,,
contact.commitmentpromiseexpressintent.correspondence,Communicator communicated remotely with recipient about topic at <arg3> place,,,evt030arg03place,,
contact.commitmentpromiseexpressintent.correspondence,Communicator communicated remotely with recipient about <arg4> topic at place,,,,evt030arg04topic,
contact.commitmentpromiseexpressintent.meet,<arg1> met face-to-face with recipient about topic at place,evt031arg01communicator,,,,
contact.commitmentpromiseexpressintent.meet,Communicator met face-to-face with <arg2> about topic at place,,evt031arg02recipient,,,
contact.commitmentpromiseexpressintent.meet,Communicator met face-to-face with recipient about topic at <arg3> place,,,evt031arg03place,,
contact.commitmentpromiseexpressintent.meet,Communicator met face-to-face with recipient about <arg4> topic at place,,,,evt031arg04topic,
contact.discussion.unspecified,<arg1> communicated with participant at place,evt032arg01participant,,,,
contact.discussion.unspecified,Participant communicated with <arg2> at place,,evt032arg02participant,,,
contact.discussion.unspecified,Participant communicated with participant at <arg3> place,,,evt032arg03place,,
contact.discussion.correspondence,<arg1> communicated remotely with participant at place,evt033arg01participant,,,,
contact.discussion.correspondence,Participant communicated remotely with <arg2> at place,,evt033arg02participant,,,
contact.discussion.correspondence,Participant communicated remotely with participant at <arg3> place,,,evt033arg03place,,
contact.discussion.meet,<arg1> met face-to-face with participant at place,evt034arg01participant,,,,
contact.discussion.meet,Participant met face-to-face with <arg2> at place,,evt034arg02participant,,,
contact.discussion.meet,Participant met face-to-face with participant at <arg3> place,,,evt034arg03place,,
contact.funeralvigil.unspecified,<arg1> communicated with participant during a funeral or vigil for something at place,evt035arg01participant,,,,
contact.funeralvigil.unspecified,Participant communicated with <arg2> during a funeral or vigil for something at place,,evt035arg02participant,,,
contact.funeralvigil.unspecified,Participant communicated with participant during a funeral or vigil for <arg3> at place,,,evt035arg03deceased,,
contact.funeralvigil.unspecified,Participant communicated with participant during a funeral or vigil for something at <arg4> place,,,,evt035arg04place,
contact.funeralvigil.meet,<arg1> met face-to-face with participant during a funeral or vigil for something at place,evt036arg01participant,,,,
contact.funeralvigil.meet,Participant met face-to-face with <arg2> during a funeral or vigil for something at place,,evt036arg02participant,,,
contact.funeralvigil.meet,Participant met face-to-face with participant during a funeral or vigil for <arg3> at place,,,evt036arg03deceased,,
contact.funeralvigil.meet,Participant met face-to-face with participant during a funeral or vigil for something at <arg4> place,,,,evt036arg04place,
contact.mediastatement.unspecified,<arg1> communicated with participant at place,evt037arg01communicator,,,,
contact.mediastatement.unspecified,Participant communicated with <arg2> at place,,evt037arg02recipient,,,
contact.mediastatement.unspecified,Participant communicated with participant at <arg3> place,,,evt037arg03place,,
contact.mediastatement.broadcast,<arg1> communicated to recipient at place (one-way communication),evt038arg01communicator,,,,
contact.mediastatement.broadcast,Communicator communicated to <arg2> at place (one-way communication),,evt038arg02recipient,,,
contact.mediastatement.broadcast,Communicator communicated to recipient at <arg3> place (one-way communication),,,evt038arg03place,,
contact.negotiate.unspecified,<arg1> communicated with recipient about topic at place,evt039arg01participant,,,,
contact.negotiate.unspecified,Communicator communicated with <arg2> about topic at place,,evt039arg02participant,,,
contact.negotiate.unspecified,Communicator communicated with recipient about topic at <arg3> place,,,evt039arg03place,,
contact.negotiate.unspecified,Communicator communicated with recipient about <arg4> topic at place,,,,evt039arg04topic,
contact.negotiate.correspondence,<arg1> communicated remotely with participant about topic at place,evt040arg01participant,,,,
contact.negotiate.correspondence,Participant communicated remotely with <arg2> about topic at place,,evt040arg02participant,,,
contact.negotiate.correspondence,Participant communicated remotely with participant about topic at <arg3> place,,,evt040arg03place,,
contact.negotiate.correspondence,Participant communicated remotely with participant about <arg4> topic at place,,,,evt040arg04topic,
contact.negotiate.meet,<arg1> met face-to-face with recipient about topic at place,evt041arg01participant,,,,
contact.negotiate.meet,Communicator met face-to-face with <arg2> about topic at place,,evt041arg02participant,,,
contact.negotiate.meet,Communicator met face-to-face with recipient about topic at <arg3> place,,,evt041arg03place,,
contact.negotiate.meet,Communicator met face-to-face with recipient about <arg4> topic at place,,,,evt041arg04topic,
contact.prevarication.unspecified,<arg1> communicated with recipient about topic at place,evt042arg01communicator,,,,
contact.prevarication.unspecified,Communicator communicated with <arg2> about topic at place,,evt042arg02recipient,,,
contact.prevarication.unspecified,Communicator communicated with recipient about topic at <arg3> place,,,evt042arg03place,,
contact.prevarication.unspecified,Communicator communicated with recipient about <arg4> topic at place,,,,evt042arg04topic,
contact.prevarication.broadcast,<arg1> communicated to recipient about topic at place (one-way communication),evt043arg01communicator,,,,
contact.prevarication.broadcast,Communicator communicated to <arg2> about topic at place (one-way communication),,evt043arg02recipient,,,
contact.prevarication.broadcast,Communicator communicated to recipient about topic at <arg3> place (one-way communication),,,evt043arg03place,,
contact.prevarication.broadcast,Communicator communicated to recipient about <arg4> topic at place (one-way communication),,,,evt043arg04topic,
contact.prevarication.correspondence,<arg1> communicated remotely with recipient about topic at place,evt044arg01communicator,,,,
contact.prevarication.correspondence,Communicator communicated remotely with <arg2> about topic at place,,evt044arg02recipient,,,
contact.prevarication.correspondence,Communicator communicated remotely with recipient about topic at <arg3> place,,,evt044arg03place,,
contact.prevarication.correspondence,Communicator communicated remotely with recipient about <arg4> topic at place,,,,evt044arg04topic,
contact.prevarication.meet,<arg1> met face-to-face with recipient about topic at place,evt045arg01communicator,,,,
contact.prevarication.meet,Communicator met face-to-face with <arg2> about topic at place,,evt045arg02recipient,,,
contact.prevarication.meet,Communicator met face-to-face with recipient about topic at <arg3> place,,,evt045arg03place,,
contact.prevarication.meet,Communicator met face-to-face with recipient about <arg4> topic at place,,,,evt045arg04topic,
contact.publicstatementinperson.unspecified,<arg1> communicated with participant at place,evt046arg01communicator,,,,
contact.publicstatementinperson.unspecified,Participant communicated with <arg2> at place,,evt046arg02recipient,,,
contact.publicstatementinperson.unspecified,Participant communicated with participant at <arg3> place,,,evt046arg03place,,
contact.publicstatementinperson.broadcast,<arg1> communicated to recipient at place (one-way communication),evt047arg01communicator,,,,
contact.publicstatementinperson.broadcast,Communicator communicated to <arg2> at place (one-way communication),,evt047arg02recipient,,,
contact.publicstatementinperson.broadcast,Communicator communicated to recipient at <arg3> place (one-way communication),,,evt047arg03place,,
contact.requestadvise.unspecified,<arg1> communicated with recipient about topic at place,evt048arg01communicator,,,,
contact.requestadvise.unspecified,Communicator communicated with <arg2> about topic at place,,evt048arg02recipient,,,
contact.requestadvise.unspecified,Communicator communicated with recipient about topic at <arg3> place,,,evt048arg03place,,
contact.requestadvise.unspecified,Communicator communicated with recipient about <arg4> topic at place,,,,evt048arg04topic,
contact.requestadvise.broadcast,<arg1> communicated to recipient about topic at place (one-way communication),evt049arg01communicator,,,,
contact.requestadvise.broadcast,Communicator communicated to <arg2> about topic at place (one-way communication),,evt049arg02recipient,,,
contact.requestadvise.broadcast,Communicator communicated to recipient about topic at <arg3> place (one-way communication),,,evt049arg03place,,
contact.requestadvise.broadcast,Communicator communicated to recipient about <arg4> topic at place (one-way communication),,,,evt049arg04topic,
contact.requestadvise.correspondence,<arg1> communicated remotely with recipient about topic at place,evt050arg01communicator,,,,
contact.requestadvise.correspondence,Communicator communicated remotely with <arg2> about topic at place,,evt050arg02recipient,,,
contact.requestadvise.correspondence,Communicator communicated remotely with recipient about topic at <arg3> place,,,evt050arg03place,,
contact.requestadvise.correspondence,Communicator communicated remotely with recipient about <arg4> topic at place,,,,evt050arg04topic,
contact.requestadvise.meet,<arg1> met face-to-face with recipient about topic at place,evt051arg01communicator,,,,
contact.requestadvise.meet,Communicator met face-to-face with <arg2> about topic at place,,evt051arg02recipient,,,
contact.requestadvise.meet,Communicator met face-to-face with recipient about topic at <arg3> place,,,evt051arg03place,,
contact.requestadvise.meet,Communicator met face-to-face with recipient about <arg4> topic at place,,,,evt051arg04topic,
contact.threatencoerce.unspecified,<arg1> communicated with recipient about topic at place,evt052arg01communicator,,,,
contact.threatencoerce.unspecified,Communicator communicated with <arg2> about topic at place,,evt052arg02recipient,,,
contact.threatencoerce.unspecified,Communicator communicated with recipient about topic at <arg3> place,,,evt052arg03place,,
contact.threatencoerce.unspecified,Communicator communicated with recipient about <arg4> topic at place,,,,evt052arg04topic,
contact.threatencoerce.broadcast,<arg1> communicated to recipient about topic at place (one-way communication),evt053arg01communicator,,,,
contact.threatencoerce.broadcast,Communicator communicated to <arg2> about topic at place (one-way communication),,evt053arg02recipient,,,
contact.threatencoerce.broadcast,Communicator communicated to recipient about topic at <arg3> place (one-way communication),,,evt053arg03place,,
contact.threatencoerce.broadcast,Communicator communicated to recipient about <arg4> topic at place (one-way communication),,,,evt053arg04topic,
contact.threatencoerce.correspondence,<arg1> communicated remotely with recipient about topic at place,evt054arg01communicator,,,,
contact.threatencoerce.correspondence,Communicator communicated remotely with <arg2> about topic at place,,evt054arg02recipient,,,
contact.threatencoerce.correspondence,Communicator communicated remotely with recipient about topic at <arg3> place,,,evt054arg03place,,
contact.threatencoerce.correspondence,Communicator communicated remotely with recipient about <arg4> topic at place,,,,evt054arg04topic,
contact.threatencoerce.meet,<arg1> met face-to-face with recipient about topic at place,evt055arg01communicator,,,,
contact.threatencoerce.meet,Communicator met face-to-face with <arg2> about topic at place,,evt055arg02recipient,,,
contact.threatencoerce.meet,Communicator met face-to-face with recipient about topic at <arg3> place,,,evt055arg03place,,
contact.threatencoerce.meet,Communicator met face-to-face with recipient about <arg4> topic at place,,,,evt055arg04topic,
disaster.accidentcrash.accidentcrash,<arg1> person in vehicle crashed into something at place,evt057arg01driverpassenger,,,,
disaster.accidentcrash.accidentcrash,Person in <arg2> vehicle crashed into something at place,,evt057arg02vehicle,,,
disaster.accidentcrash.accidentcrash,Person in vehicle crashed into <arg3> at place,,,evt057arg03crashobject,,
disaster.accidentcrash.accidentcrash,Person in vehicle crashed into something at <arg4> place,,,,evt057arg04place,
disaster.diseaseoutbreak.diseaseoutbreak,<arg1> disease broke out among victims or population at place,evt148arg01disease ,,,,
disaster.diseaseoutbreak.diseaseoutbreak,Disease broke out among <arg2> victims or population at place,,evt148arg02victim ,,,
disaster.diseaseoutbreak.diseaseoutbreak,Disease broke out among victims or population at <arg3> place,,,evt148arg03place ,,
disaster.fireexplosion.fireexplosion,<arg1> caught fire or exploded from instrument at place,evt059arg01fireexplosionobject,,,,
disaster.fireexplosion.fireexplosion,Something caught fire or exploded from <arg2> instrument at place,,evt059arg02instrument,,,
disaster.fireexplosion.fireexplosion,Something caught fire or exploded from instrument at <arg3> place,,,evt059arg03place,,
genericcrime.genericcrime.genericcrime,<arg1> committed a crime against victim at place,evt154arg01perpetrator ,,,,
genericcrime.genericcrime.genericcrime,Perpetrator  committed a crime against <arg2> at place,,evt154arg02victim ,,,
genericcrime.genericcrime.genericcrime,Perpetrator  committed a crime against victim at <arg3> place,,,evt154arg03place ,,
government.agreements.unspecified,<arg1> and participant signed an agreement in place,evt060arg01participant,,,,
government.agreements.unspecified,Participant and <arg2> signed an agreement in place,,evt060arg02participant,,,
government.agreements.unspecified,Participant and participant signed an agreement in <arg3> place,,,evt060arg03place,,
government.agreements.acceptagreementcontractceasefire,<arg1> and participant signed an agreement in place,evt061arg01participant,,,,
government.agreements.acceptagreementcontractceasefire,Participant and <arg2> signed an agreement in place,,evt061arg02participant,,,
government.agreements.acceptagreementcontractceasefire,Participant and participant signed an agreement in <arg3> place,,,evt061arg03place,,
government.agreements.rejectnullifyagreementcontractceasefire,<arg1> rejected or nullified an agreement with participant in place,evt062arg01rejecternullifier,,,,
government.agreements.rejectnullifyagreementcontractceasefire,Rejecter rejected or nullified an agreement with <arg2> in place,,evt062arg02otherparticipant,,,
government.agreements.rejectnullifyagreementcontractceasefire,Rejecter rejected or nullified an agreement with participant in <arg3> place,,,evt062arg03place,,
government.agreements.violateagreement,<arg1> violated an agreement with participant in place,evt063arg01violator,,,,
government.agreements.violateagreement,Violator violated an agreement with <arg2> in place,,evt063arg02otherparticipant,,,
government.agreements.violateagreement,Violator violated an agreement with participant in <arg3> place,,,evt063arg03place,,
government.convene.convene,<arg1> convened somebody at place,evt145arg01convener ,,,,
government.convene.convene,Convener convened <arg2> at place,,evt145arg02convenedthing ,,,
government.convene.convene,Convener convened somebody at <arg3> place,,,evt145arg03place ,,
government.formation.unspecified,<arg1> was formed by founder in place,evt064arg01gpe,,,,
government.formation.unspecified,Somebody was formed by <arg2> in place,,evt064arg02founder,,,
government.formation.unspecified,Somebody was formed by founder in <arg3> place,,,evt064arg03place,,
government.formation.mergegpe,<arg1> merged with participant at place,evt065arg01participant,,,,
government.formation.mergegpe,Participant merged with <arg2> at place,,evt065arg02participant,,,
government.formation.mergegpe,Participant merged with participant at <arg3> place,,,evt065arg03place,,
government.formation.startgpe,<arg1> was started by founder in place,evt066arg01gpe,,,,
government.formation.startgpe,Something was started by <arg2> in place,,evt066arg02founder,,,
government.formation.startgpe,Something was started by founder in <arg3> place,,,evt066arg03place,,
government.legislate.legislate,<arg1> legislature enacted law in place,evt068arg01governmentbody,,,,
government.legislate.legislate,Government legislature enacted <arg2> law in place,,evt068arg02law,,,
government.legislate.legislate,Government legislature enacted law in <arg3> place,,,evt068arg03place,,
government.spy.spy,<arg1> spied on something to the benefit of beneficiary in place,evt070arg01spy,,,,
government.spy.spy,Spy spied on <arg2> to the benefit of beneficiary in place,,evt070arg02observedentity,,,
government.spy.spy,Spy spied on something to the benefit of <arg3> in place,,,evt070arg03beneficiary,,
government.spy.spy,Spy spied on something to the benefit of beneficiary in <arg4> place,,,,evt070arg04place,
government.vote.unspecified,<arg1> voted for candidate on ballot with results in place,evt071arg01voter,,,,
government.vote.unspecified,Voter voted for <arg2> on ballot with results in place,,evt071arg02candidate,,,
government.vote.unspecified,Voter voted for candidate on <arg3> ballot with results in place,,,evt071arg03ballot,,
government.vote.unspecified,Voter voted for candidate on ballot with <arg4> results in place,,,,evt071arg04result,
government.vote.unspecified,Voter voted for candidate on ballot with results in <arg5> place,,,,,evt071arg05place
government.vote.castvote,<arg1> voted for candidate on ballot with results in place,evt072arg01voter,,,,
government.vote.castvote,Voter voted for <arg2> on ballot with results in place,,evt072arg02candidate,,,
government.vote.castvote,Voter voted for candidate on <arg3> ballot with results in place,,,evt072arg03ballot,,
government.vote.castvote,Voter voted for candidate on ballot with <arg4> results in place,,,,evt072arg04result,
government.vote.castvote,Voter voted for candidate on ballot with results in <arg5> place,,,,,evt072arg05place
government.vote.violationspreventvote,<arg1> prevented voter from voting for candidate on ballot in place,evt073arg01preventer,,,,
government.vote.violationspreventvote,Preventer prevented <arg2> from voting for candidate on ballot in place,,evt073arg02voter,,,
government.vote.violationspreventvote,Preventer prevented voter from voting for <arg3> on ballot in place,,,evt073arg03candidate,,
government.vote.violationspreventvote,Preventer prevented voter from voting for candidate on <arg4> ballot in place,,,,evt073arg04ballot,
government.vote.violationspreventvote,Preventer prevented voter from voting for candidate on ballot in <arg5> place,,,,,evt073arg05place
inspection.sensoryobserve.unspecified,<arg1> observed something in place,evt074arg01observer,,,,
inspection.sensoryobserve.unspecified,Observer observed <arg2> in place,,evt074arg02observedentity,,,
inspection.sensoryobserve.unspecified,Observer observed something in <arg3> place,,,evt074arg03place,,
inspection.sensoryobserve.inspectpeopleorganization,<arg1>  inspected something in place,evt075arg01inspector,,,,
inspection.sensoryobserve.inspectpeopleorganization,Inspector inspected <arg2> in place,,evt075arg02inspectedentity,,,
inspection.sensoryobserve.inspectpeopleorganization,Inspector inspected something in <arg3> place,,,evt075arg03place,,
inspection.sensoryobserve.monitorelection,<arg1> monitored something taking part in an election in place,evt076arg01monitor,,,,
inspection.sensoryobserve.monitorelection,Monitor monitored <arg2> taking part in an election in place,,evt076arg02monitoredentity,,,
inspection.sensoryobserve.monitorelection,Monitor monitored something taking part in an election in <arg3> place,,,evt076arg03place,,
inspection.sensoryobserve.physicalinvestigateinspect,<arg1>  inspected something in place,evt077arg01inspector,,,,
inspection.sensoryobserve.physicalinvestigateinspect,Inspector inspected <arg2> in place,,evt077arg02inspectedentity,,,
inspection.sensoryobserve.physicalinvestigateinspect,Inspector inspected something in <arg3> place,,,evt077arg03place,,
inspection.targetaimat.targetaimat,<arg1> physically targeted target with instrument at place,evt153arg01targeter ,,,,
inspection.targetaimat.targetaimat,Targeter physically targeted <arg2> with instrument at place,,evt153arg02target ,,,
inspection.targetaimat.targetaimat,Targeter physically targeted target with <arg3> instrument at place,,,evt153arg03instrument ,,
inspection.targetaimat.targetaimat,Targeter physically targeted target with instrument at <arg4> place,,,,evt153arg04place ,
justice.arrestjaildetain.arrestjaildetain,<arg1> arrested or jailed detainee for crime at place,evt079arg01jailer,,,,
justice.arrestjaildetain.arrestjaildetain,Jailer arrested or jailed <arg2> for crime at place,,evt079arg02detainee,,,
justice.arrestjaildetain.arrestjaildetain,Jailer arrested or jailed detainee for <arg3> crime at place,,,evt079arg03crime,,
justice.arrestjaildetain.arrestjaildetain,Jailer arrested or jailed detainee for crime at <arg4> place,,,,evt079arg04place,
justice.initiatejudicialprocess.unspecified,<arg1> initiated judicial process pertaining to defendant before court or judge for crime in place,evt080arg01prosecutor,,,,
justice.initiatejudicialprocess.unspecified,Prosecutor initiated judicial process pertaining to <arg2> before court or judge for crime in place,,evt080arg02defendant,,,
justice.initiatejudicialprocess.unspecified,Prosecutor initiated judicial process pertaining to defendant before <arg3> court or judge for crime in place,,,evt080arg03judgecourt,,
justice.initiatejudicialprocess.unspecified,Prosecutor initiated judicial process pertaining to defendant before court or judge for <arg4> crime in place,,,,evt080arg04crime,
justice.initiatejudicialprocess.unspecified,Prosecutor initiated judicial process pertaining to defendant before court or judge for crime in <arg5> place,,,,,evt080arg05place
justice.initiatejudicialprocess.chargeindict,<arg1> charged or indicted defendant before court or judge for crime in place,evt081arg01prosecutor,,,,
justice.initiatejudicialprocess.chargeindict,Prosecutor charged or indicted <arg2> before court or judge for crime in place,,evt081arg02defendant,,,
justice.initiatejudicialprocess.chargeindict,Prosecutor charged or indicted defendant before <arg3> court or judge for crime in place,,,evt081arg03judgecourt,,
justice.initiatejudicialprocess.chargeindict,Prosecutor charged or indicted defendant before court or judge for <arg4> crime in place,,,,evt081arg04crime,
justice.initiatejudicialprocess.chargeindict,Prosecutor charged or indicted defendant before court or judge for crime in <arg5> place,,,,,evt081arg05place
justice.initiatejudicialprocess.trialhearing,<arg1> tried defendant before court or judge for crime in place,evt082arg01prosecutor,,,,
justice.initiatejudicialprocess.trialhearing,Prosecutor tried <arg2> before court or judge for crime in place,,evt082arg02defendant,,,
justice.initiatejudicialprocess.trialhearing,Prosecutor tried defendant before <arg3> court or judge for crime in place,,,evt082arg03judgecourt,,
justice.initiatejudicialprocess.trialhearing,Prosecutor tried defendant before court or judge for <arg4> crime in place,,,,evt082arg04crime,
justice.initiatejudicialprocess.trialhearing,Prosecutor tried defendant before court or judge for crime in <arg5> place,,,,,evt082arg05place
justice.investigate.unspecified,<arg1> investigated defendant in place,evt083arg01investigator,,,,
justice.investigate.unspecified,Investigator investigated <arg2> in place,,evt083arg02defendant,,,
justice.investigate.unspecified,Investigator investigated defendant in <arg3> place,,,evt083arg03place,,
justice.investigate.investigatecrime,<arg1> investigated defendant for crime in place,evt084arg01investigator,,,,
justice.investigate.investigatecrime,Investigator investigated <arg2> for crime in place,,evt084arg02defendant,,,
justice.investigate.investigatecrime,Investigator investigated defendant for <arg3> crime in place,,,evt084arg03crime,,
justice.investigate.investigatecrime,Investigator investigated defendant for crime in <arg4> place,,,,evt084arg04place,
justice.judicialconsequences.unspecified,<arg1> court or judge decided consequences of crime committed by defendant in place,evt085arg01judgecourt,,,,
justice.judicialconsequences.unspecified,Court or judge decided consequences of crime committed by <arg2> in place,,evt085arg02defendant,,,
justice.judicialconsequences.unspecified,Court or judge decided consequences of <arg3> crime committed by defendant in place,,,evt085arg03crime,,
justice.judicialconsequences.unspecified,Court or judge decided consequences of crime committed by defendant in <arg4> place,,,,evt085arg04place,
justice.judicialconsequences.convict,<arg1> court or judge convicted defendant of crime in place,evt086arg01judgecourt,,,,
justice.judicialconsequences.convict,Court or judge convicted <arg2> of crime in place,,evt086arg02defendant,,,
justice.judicialconsequences.convict,Court or judge convicted defendant of <arg3> crime in place,,,evt086arg03crime,,
justice.judicialconsequences.convict,Court or judge convicted defendant of crime in <arg4> place,,,,evt086arg04place,
justice.judicialconsequences.execute,<arg1> executed defendant for crime in place,evt087arg01executioner,,,,
justice.judicialconsequences.execute,Executioner executed <arg2> for crime in place,,evt087arg02defendant,,,
justice.judicialconsequences.execute,Executioner executed defendant for <arg3> crime in place,,,evt087arg03crime,,
justice.judicialconsequences.execute,Executioner executed defendant for crime in <arg4> place,,,,evt087arg04place,
justice.judicialconsequences.extradite,<arg1> extradited defendant for crime from place to place,evt088arg01extraditer,,,,
justice.judicialconsequences.extradite,Extraditer extradited <arg2> for crime from place to place,,evt088arg02defendant,,,
justice.judicialconsequences.extradite,Extraditer extradited defendant for <arg3> crime from place to place,,,evt088arg03crime,,
justice.judicialconsequences.extradite,Extraditer extradited defendant for crime from <arg4> place to place,,,,evt088arg04origin,
justice.judicialconsequences.extradite,Extraditer extradited defendant for crime from place to <arg5> place,,,,,evt088arg05destination
life.die.unspecified,<arg1> died at place from medical issue killed by killer,evt089arg01victim,,,,
life.die.unspecified,Victim died at <arg2> place from medical issue killed by killer,,evt089arg02place,,,
life.die.unspecified,Victim died at place from medical issue killed by <arg3> killer,,,evt089arg03killer,,
life.die.unspecified,Victim died at place from <arg4> medical issue killed by killer,,,,evt089arg04medicalissue,
life.die.deathcausedbyviolentevents,<arg1> killed victim using instrument or medical issue at place,evt090arg01killer,,,,
life.die.deathcausedbyviolentevents,Killer killed <arg2> using instrument or medical issue at place,,evt090arg02victim,,,
life.die.deathcausedbyviolentevents,Killer killed victim using <arg3> instrument or medical issue at place,,,evt090arg03instrument,,
life.die.deathcausedbyviolentevents,Killer killed victim using instrument or medical issue at <arg4> place,,,,evt090arg04place,
life.die.deathcausedbyviolentevents,Killer killed victim using instrument or <arg5> medical issue at place,,,,,evt090arg05medicalissue
life.die.nonviolentdeath,<arg1> died at place from medical issue killed by killer,evt091arg01victim,,,,
life.die.nonviolentdeath,Victim died at <arg2> place from medical issue killed by killer,,evt091arg02place,,,
life.die.nonviolentdeath,Victim died at place from medical issue killed by <arg3> killer,,,evt091arg03killer,,
life.die.nonviolentdeath,Victim died at place from <arg4> medical issue killed by killer,,,,evt091arg04medicalissue,
life.injure.unspecified,<arg1> was injured by injurer with medical issue at place,evt092arg01victim,,,,
life.injure.unspecified,Victim was injured by <arg2> with medical issue at place,,evt092arg02injurer,,,
life.injure.unspecified,Victim was injured by injurer with medical issue at <arg3> place,,,evt092arg03place,,
life.injure.unspecified,Victim was injured by injurer with <arg4> medical issue at place,,,,evt092arg04medicalissue,
life.injure.illnessdegradationhungerthirst,<arg1> has extreme hunger or thirst from medical issue imposed by injurer at place,evt093arg01victim,,,,
life.injure.illnessdegradationhungerthirst,Victim has extreme hunger or thirst from medical issue imposed by injurer at <arg2> place,,evt093arg02place,,,
life.injure.illnessdegradationhungerthirst,Victim has extreme hunger or thirst from medical issue imposed by <arg3> injurer at place,,,evt093arg03injurer,,
life.injure.illnessdegradationhungerthirst,Victim has extreme hunger or thirst from <arg4> medical issue imposed by injurer at place,,,,evt093arg04medicalissue,
life.injure.illnessdegradationphysical,<arg1> person has some physical degradation from medical issue imposed by injurer at place,evt094arg01victim,,,,
life.injure.illnessdegradationphysical,Victim person has some physical degradation from medical issue imposed by injurer at <arg2> place,,evt094arg02place,,,
life.injure.illnessdegradationphysical,Victim person has some physical degradation from medical issue imposed by <arg3> injurer at place,,,evt094arg03injurer,,
life.injure.illnessdegradationphysical,Victim person has some physical degradation from <arg4> medical issue imposed by injurer at place,,,,evt094arg04medicalissue,
life.injure.illnessdegredationsickness,<arg1> has sickness or illness at place deliberately infected by injurer ,evt150arg01victim ,,,,
life.injure.illnessdegredationsickness,Victim has sickness or illness at place deliberately infected by <arg2>,,evt150arg02injurer ,,,
life.injure.illnessdegredationsickness,Victim has <arg3> sickness or illness at place deliberately infected by injurer ,,,evt150arg03disease ,,
life.injure.illnessdegredationsickness,Victim has sickness or illness at <arg4> place deliberately infected by injurer ,,,,evt150arg04place ,
life.injure.injurycausedbyviolentevents,<arg1> injured victim using instrument or medical issue at place,evt095arg01injurer,,,,
life.injure.injurycausedbyviolentevents,Injurer injured <arg2> using instrument or medical issue at place,,evt095arg02victim,,,
life.injure.injurycausedbyviolentevents,Injurer injured victim using <arg3> instrument or medical issue at place,,,evt095arg03instrument,,
life.injure.injurycausedbyviolentevents,Injurer injured victim using instrument or medical issue at <arg4> place,,,,evt095arg04place,
life.injure.injurycausedbyviolentevents,Injurer injured victim using instrument or <arg5> medical issue at place,,,,,evt095arg05medicalissue
manufacture.artifact.unspecified,<arg1> manufactured or created or produced artifact using instrument at place,evt096arg01manufacturer,,,,
manufacture.artifact.unspecified,Manufacturer manufactured or created or produced <arg2> using instrument at place,,evt096arg02artifact,,,
manufacture.artifact.unspecified,Manufacturer manufactured or created or produced artifact using <arg3> at place,,,evt096arg03instrument,,
manufacture.artifact.unspecified,Manufacturer manufactured or created or produced artifact using instrument at <arg4> place,,,,evt096arg04place,
manufacture.artifact.build,<arg1> manufactured or created or produced artifact using instrument at place,evt097arg01manufacturer,,,,
manufacture.artifact.build,Manufacturer manufactured or created or produced <arg2> using instrument at place,,evt097arg02artifact,,,
manufacture.artifact.build,Manufacturer manufactured or created or produced artifact using <arg3> at place,,,evt097arg03instrument,,
manufacture.artifact.build,Manufacturer manufactured or created or produced artifact using instrument at <arg4> place,,,,evt097arg04place,
manufacture.artifact.createintellectualproperty,<arg1> manufactured or created or produced artifact using instrument at place,evt098arg01manufacturer,,,,
manufacture.artifact.createintellectualproperty,Manufacturer manufactured or created or produced <arg2> using instrument at place,,evt098arg02artifact,,,
manufacture.artifact.createintellectualproperty,Manufacturer manufactured or created or produced artifact using <arg3> at place,,,evt098arg03instrument,,
manufacture.artifact.createintellectualproperty,Manufacturer manufactured or created or produced artifact using instrument at <arg4> place,,,,evt098arg04place,
manufacture.artifact.createmanufacture,<arg1> manufactured or created or produced artifact using instrument at place,evt099arg01manufacturer,,,,
manufacture.artifact.createmanufacture,Manufacturer manufactured or created or produced <arg2> using instrument at place,,evt099arg02artifact,,,
manufacture.artifact.createmanufacture,Manufacturer manufactured or created or produced artifact using <arg3> at place,,,evt099arg03instrument,,
manufacture.artifact.createmanufacture,Manufacturer manufactured or created or produced artifact using instrument at <arg4> place,,,,evt099arg04place,
medical.intervention.intervention,<arg1> treater treated patient for medical issue with means at place,evt147arg01treater ,,,,
medical.intervention.intervention,Treater treated <arg2> patient for medical issue with means at place,,evt147arg02patient ,,,
medical.intervention.intervention,Treater treated patient for <arg3> medical issue with means at place,,,evt147arg03medicalissue ,,
medical.intervention.intervention,Treater treated patient for medical issue with <arg4> means at place,,,,evt147arg04instrument ,
medical.intervention.intervention,Treater treated patient for medical issue with means at <arg5> place,,,,,evt147arg05place 
movement.transportartifact.unspecified,<arg1> transported artifact in vehicle from place to place,evt100arg01transporter,,,,
movement.transportartifact.unspecified,Transporter transported <arg2> in vehicle from place to place,,evt100arg02artifact,,,
movement.transportartifact.unspecified,Transporter transported artifact in <arg3> from place to place,,,evt100arg03vehicle,,
movement.transportartifact.unspecified,Transporter transported artifact in vehicle from <arg4> place to place,,,,evt100arg04origin,
movement.transportartifact.unspecified,Transporter transported artifact in vehicle from place to <arg5> place,,,,,evt100arg05destination
movement.transportartifact.bringcarryunload,<arg1> transported artifact in vehicle from place to place,evt101arg01transporter,,,,
movement.transportartifact.bringcarryunload,Transporter transported <arg2> in vehicle from place to place,,evt101arg02artifact,,,
movement.transportartifact.bringcarryunload,Transporter transported artifact in <arg3> from place to place,,,evt101arg03vehicle,,
movement.transportartifact.bringcarryunload,Transporter transported artifact in vehicle from <arg4> place to place,,,,evt101arg04origin,
movement.transportartifact.bringcarryunload,Transporter transported artifact in vehicle from place to <arg5> place,,,,,evt101arg05destination
movement.transportartifact.disperseseparate,<arg1> transported artifact in vehicle from place to place,evt102arg01transporter,,,,
movement.transportartifact.disperseseparate,Transporter transported <arg2> in vehicle from place to place,,evt102arg02artifact,,,
movement.transportartifact.disperseseparate,Transporter transported artifact in <arg3> from place to place,,,evt102arg03vehicle,,
movement.transportartifact.disperseseparate,Transporter transported artifact in vehicle from <arg4> place to place,,,,evt102arg04origin,
movement.transportartifact.disperseseparate,Transporter transported artifact in vehicle from place to <arg5> place,,,,,evt102arg05destination
movement.transportartifact.fall,<arg1> fell from place to place,evt103arg01artifact,,,,
movement.transportartifact.fall,Artifact fell from <arg2> place to place,,evt103arg02origin,,,
movement.transportartifact.fall,Artifact fell from place to <arg3> place,,,evt103arg03destination,,
movement.transportartifact.grantentry,<arg1> grants artifact entry to place from place,evt104arg01transporter,,,,
movement.transportartifact.grantentry,Transporter grants <arg2> entry to place from place,,evt104arg02artifact,,,
movement.transportartifact.grantentry,Transporter grants artifact entry to <arg3> place from place,,,evt104arg03origin,,
movement.transportartifact.grantentry,Transporter grants artifact entry to place from <arg4> place,,,,evt104arg04destination,
movement.transportartifact.hide,<arg1> concealed  artifact in place transported in vehicle from place,evt105arg01transporter,,,,
movement.transportartifact.hide,Transporter concealed <arg2> in place transported in vehicle from place,,evt105arg02artifact,,,
movement.transportartifact.hide,Transporter concealed artifact in <arg3> place transported in vehicle from place,,,evt105arg03hidingplace,,
movement.transportartifact.hide,Transporter concealed artifact in place transported in <arg4> vehicle from place,,,,evt105arg04vehicle,
movement.transportartifact.hide,Transporter concealed artifact in place transported in vehicle from <arg5> place,,,,,evt105arg05origin
movement.transportartifact.lossofcontrol,<arg1> lost control of moving something at place,evt146arg01controller ,,,,
movement.transportartifact.lossofcontrol,Controller lost control of moving <arg2> at place,,evt146arg02controlledthing ,,,
movement.transportartifact.lossofcontrol,Controller lost control of moving something at <arg3> place,,,evt146arg03place ,,
movement.transportartifact.nonviolentthrowlaunch,<arg1> transported artifact in vehicle from place to place,evt106arg01transporter,,,,
movement.transportartifact.nonviolentthrowlaunch,Transporter transported <arg2> in vehicle from place to place,,evt106arg02artifact,,,
movement.transportartifact.nonviolentthrowlaunch,Transporter transported artifact in <arg3> from place to place,,,evt106arg03vehicle,,
movement.transportartifact.nonviolentthrowlaunch,Transporter transported artifact in vehicle from <arg4> place to place,,,,evt106arg04origin,
movement.transportartifact.nonviolentthrowlaunch,Transporter transported artifact in vehicle from place to <arg5> place,,,,,evt106arg05destination
movement.transportartifact.prevententry,<arg1> prevents transporter from transporting artifact from place to place,evt107arg01preventer,,,,
movement.transportartifact.prevententry,Preventer prevents <arg2> from transporting artifact from place to place,,evt107arg02transporter,,,
movement.transportartifact.prevententry,Preventer prevents transporter from transporting <arg3> from place to place,,,evt107arg03artifact,,
movement.transportartifact.prevententry,Preventer prevents transporter from transporting artifact from <arg4> place to place,,,,evt107arg04origin,
movement.transportartifact.prevententry,Preventer prevents transporter from transporting artifact from place to <arg5> place,,,,,evt107arg05destination
movement.transportartifact.preventexit,<arg1> prevents transporter from transporting artifact from place to place,evt108arg01preventer,,,,
movement.transportartifact.preventexit,Preventer prevents <arg2> from transporting artifact from place to place,,evt108arg02transporter,,,
movement.transportartifact.preventexit,Preventer prevents transporter from transporting <arg3> from place to place,,,evt108arg03artifact,,
movement.transportartifact.preventexit,Preventer prevents transporter from transporting artifact from <arg4> place to place,,,,evt108arg04origin,
movement.transportartifact.preventexit,Preventer prevents transporter from transporting artifact from place to <arg5> place,,,,,evt108arg05destination
movement.transportartifact.receiveimport,<arg1> transported artifact in vehicle from place to place,evt109arg01transporter,,,,
movement.transportartifact.receiveimport,Transporter transported <arg2> in vehicle from place to place,,evt109arg02artifact,,,
movement.transportartifact.receiveimport,Transporter transported artifact in <arg3> from place to place,,,evt109arg03vehicle,,
movement.transportartifact.receiveimport,Transporter transported artifact in vehicle from <arg4> place to place,,,,evt109arg04origin,
movement.transportartifact.receiveimport,Transporter transported artifact in vehicle from place to <arg5> place,,,,,evt109arg05destination
movement.transportartifact.sendsupplyexport,<arg1> transported artifact in vehicle from place to place,evt110arg01transporter,,,,
movement.transportartifact.sendsupplyexport,Transporter transported <arg2> in vehicle from place to place,,evt110arg02artifact,,,
movement.transportartifact.sendsupplyexport,Transporter transported artifact in <arg3> from place to place,,,evt110arg03vehicle,,
movement.transportartifact.sendsupplyexport,Transporter transported artifact in vehicle from <arg4> place to place,,,,evt110arg04origin,
movement.transportartifact.sendsupplyexport,Transporter transported artifact in vehicle from place to <arg5> place,,,,,evt110arg05destination
movement.transportartifact.smuggleextract,<arg1> transported artifact in vehicle from place to place,evt111arg01transporter,,,,
movement.transportartifact.smuggleextract,Transporter transported <arg2> in vehicle from place to place,,evt111arg02artifact,,,
movement.transportartifact.smuggleextract,Transporter transported artifact in <arg3> from place to place,,,evt111arg03vehicle,,
movement.transportartifact.smuggleextract,Transporter transported artifact in vehicle from <arg4> place to place,,,,evt111arg04origin,
movement.transportartifact.smuggleextract,Transporter transported artifact in vehicle from place to <arg5> place,,,,,evt111arg05destination
movement.transportperson.unspecified,<arg1> transported artifact in vehicle from place to place,evt112arg01transporter,,,,
movement.transportperson.unspecified,Transporter transported <arg2> in vehicle from place to place,,evt112arg02passenger,,,
movement.transportperson.unspecified,Transporter transported artifact in <arg3> from place to place,,,evt112arg03vehicle,,
movement.transportperson.unspecified,Transporter transported artifact in vehicle from <arg4> place to place,,,,evt112arg04origin,
movement.transportperson.unspecified,Transporter transported artifact in vehicle from place to <arg5> place,,,,,evt112arg05destination
movement.transportperson.bringcarryunload,<arg1> transported artifact in vehicle from place to place,evt113arg01transporter,,,,
movement.transportperson.bringcarryunload,Transporter transported <arg2> in vehicle from place to place,,evt113arg02passenger,,,
movement.transportperson.bringcarryunload,Transporter transported artifact in <arg3> from place to place,,,evt113arg03vehicle,,
movement.transportperson.bringcarryunload,Transporter transported artifact in vehicle from <arg4> place to place,,,,evt113arg04origin,
movement.transportperson.bringcarryunload,Transporter transported artifact in vehicle from place to <arg5> place,,,,,evt113arg05destination
movement.transportperson.disperseseparate,<arg1> transported artifact in vehicle from place to place,evt114arg01transporter,,,,
movement.transportperson.disperseseparate,Transporter transported <arg2> in vehicle from place to place,,evt114arg02passenger,,,
movement.transportperson.disperseseparate,Transporter transported artifact in <arg3> from place to place,,,evt114arg03vehicle,,
movement.transportperson.disperseseparate,Transporter transported artifact in vehicle from <arg4> place to place,,,,evt114arg04origin,
movement.transportperson.disperseseparate,Transporter transported artifact in vehicle from place to <arg5> place,,,,,evt114arg05destination
movement.transportperson.evacuationrescue,<arg1> transported artifact in vehicle from place to place,evt115arg01transporter,,,,
movement.transportperson.evacuationrescue,Transporter transported <arg2> in vehicle from place to place,,evt115arg02passenger,,,
movement.transportperson.evacuationrescue,Transporter transported artifact in <arg3> from place to place,,,evt115arg03vehicle,,
movement.transportperson.evacuationrescue,Transporter transported artifact in vehicle from <arg4> place to place,,,,evt115arg04origin,
movement.transportperson.evacuationrescue,Transporter transported artifact in vehicle from place to <arg5> place,,,,,evt115arg05destination
movement.transportperson.fall,<arg1> fell from place to place,evt116arg01passenger,,,,
movement.transportperson.fall,Artifact fell from <arg2> place to place,,evt116arg02origin,,,
movement.transportperson.fall,Artifact fell from place to <arg3> place,,,evt116arg03destination,,
movement.transportperson.grantentryasylum,<arg1> grants entry to transporter transporting passenger from place to place,evt117arg01granter,,,,
movement.transportperson.grantentryasylum,Granter grants entry to <arg2> transporting passenger from place to place,,evt117arg02transporter,,,
movement.transportperson.grantentryasylum,Granter grants entry to transporter transporting <arg3> from place to place,,,evt117arg03passenger,,
movement.transportperson.grantentryasylum,Granter grants entry to transporter transporting passenger from <arg4> place to place,,,,evt117arg04origin,
movement.transportperson.grantentryasylum,Granter grants entry to transporter transporting passenger from place to <arg5> place,,,,,evt117arg05destination
movement.transportperson.hide,<arg1> concealed  artifact in place transported in vehicle from place,evt118arg01transporter,,,,
movement.transportperson.hide,Transporter concealed <arg2> in place transported in vehicle from place,,evt118arg02passenger,,,
movement.transportperson.hide,Transporter concealed artifact in <arg3> place transported in vehicle from place,,,evt118arg03hidingplace,,
movement.transportperson.hide,Transporter concealed artifact in place transported in <arg4> vehicle from place,,,,evt118arg04vehicle,
movement.transportperson.hide,Transporter concealed artifact in place transported in vehicle from <arg5> place,,,,,evt118arg05origin
movement.transportperson.prevententry,<arg1> prevents transporter from transporting artifact from place to place,evt119arg01preventer,,,,
movement.transportperson.prevententry,Preventer prevents <arg2> from transporting artifact from place to place,,evt119arg02transporter,,,
movement.transportperson.prevententry,Preventer prevents transporter from transporting <arg3> from place to place,,,evt119arg03passenger,,
movement.transportperson.prevententry,Preventer prevents transporter from transporting artifact from <arg4> place to place,,,,evt119arg04origin,
movement.transportperson.prevententry,Preventer prevents transporter from transporting artifact from place to <arg5> place,,,,,evt119arg05destination
movement.transportperson.preventexit,<arg1> prevents transporter from transporting artifact from place to place,evt120arg01preventer,,,,
movement.transportperson.preventexit,Preventer prevents <arg2> from transporting artifact from place to place,,evt120arg02transporter,,,
movement.transportperson.preventexit,Preventer prevents transporter from transporting <arg3> from place to place,,,evt120arg03passenger,,
movement.transportperson.preventexit,Preventer prevents transporter from transporting artifact from <arg4> place to place,,,,evt120arg04origin,
movement.transportperson.preventexit,Preventer prevents transporter from transporting artifact from place to <arg5> place,,,,,evt120arg05destination
movement.transportperson.selfmotion,<arg1> moved in vehicle from place to place,evt121arg01transporter,,,,
movement.transportperson.selfmotion,Transporter moved in <arg2> from place to place,,evt121arg02vehicle,,,
movement.transportperson.selfmotion,Transporter moved in vehicle from <arg3> place to place,,,evt121arg03origin,,
movement.transportperson.selfmotion,Transporter moved in vehicle from place to <arg4> place,,,,evt121arg04destination,
movement.transportperson.smuggleextract,<arg1> transported passenger in vehicle from place to place,evt122arg01transporter,,,,
movement.transportperson.smuggleextract,Transporter transported <arg2> in vehicle from place to place,,evt122arg02passenger,,,
movement.transportperson.smuggleextract,Transporter transported passenger in <arg3> from place to place,,,evt122arg03vehicle,,
movement.transportperson.smuggleextract,Transporter transported passenger in vehicle from <arg4> place to place,,,,evt122arg04origin,
movement.transportperson.smuggleextract,Transporter transported passenger in vehicle from place to <arg5> place,,,,,evt122arg05destination
personnel.elect.unspecified,<arg1> elected candidate in place,evt123arg01voter,,,,
personnel.elect.unspecified,Voter elected <arg2> in place,,evt123arg02candidate,,,
personnel.elect.unspecified,Voter elected candidate in <arg3> place,,,evt123arg03place,,
personnel.elect.winelection,<arg1> elected candidate in place,evt124arg01voter,,,,
personnel.elect.winelection,Voter elected <arg2> in place,,evt124arg02candidate,,,
personnel.elect.winelection,Voter elected candidate in <arg3> place,,,evt124arg03place,,
personnel.endposition.unspecified,<arg1> stopped working at place of employment in place,evt125arg01employee,,,,
personnel.endposition.unspecified,Employee stopped working at <arg2> in place,,evt125arg02placeofemployment,,,
personnel.endposition.unspecified,Employee stopped working at place of employment in <arg3> place,,,evt125arg03place,,
personnel.endposition.firinglayoff,<arg1> stopped working at place of employment in place,evt126arg01employee,,,,
personnel.endposition.firinglayoff,Employee stopped working at <arg2> in place,,evt126arg02placeofemployment,,,
personnel.endposition.firinglayoff,Employee stopped working at place of employment in <arg3> place,,,evt126arg03place,,
personnel.endposition.quitretire,<arg1> stopped working at place of employment in place,evt127arg01employee,,,,
personnel.endposition.quitretire,Employee stopped working at <arg2> in place,,evt127arg02placeofemployment,,,
personnel.endposition.quitretire,Employee stopped working at place of employment in <arg3> place,,,evt127arg03place,,
personnel.startposition.unspecified,<arg1> started working at place of employment in place,evt128arg01employee,,,,
personnel.startposition.unspecified,Employee started working at <arg2> in place,,evt128arg02placeofemployment,,,
personnel.startposition.unspecified,Employee started working at place of employment in <arg3> place,,,evt128arg03place,,
personnel.startposition.hiring,<arg1> started working at place of employment in place,evt129arg01employee,,,,
personnel.startposition.hiring,Employee started working at <arg2> in place,,evt129arg02placeofemployment,,,
personnel.startposition.hiring,Employee started working at place of employment in <arg3> place,,,evt129arg03place,,
transaction.transaction.unspecified,A transaction occurred between <arg1> and participant for the benefit of beneficiary at place,evt130arg01participant,,,,
transaction.transaction.unspecified,A transaction occurred between participant and <arg2> for the benefit of beneficiary at place,,evt130arg02participant,,,
transaction.transaction.unspecified,A transaction occurred between participant and participant for the benefit of <arg3> at place,,,evt130arg03beneficiary,,
transaction.transaction.unspecified,A transaction occurred between participant and participant for the benefit of beneficiary at <arg4> place,,,,evt130arg04place,
transaction.transaction.embargosanction,<arg1> prevented giver from giving artifact money to recipient at place,evt131arg01preventer,,,,
transaction.transaction.embargosanction,Preventer prevented <arg2> from giving artifact money to recipient at place,,evt131arg02giver,,,
transaction.transaction.embargosanction,Preventer prevented giver from giving artifact money to <arg3> at place,,,evt131arg03recipient,,
transaction.transaction.embargosanction,Preventer prevented giver from giving <arg4> to recipient at place,,,,evt131arg04artifactmoney,
transaction.transaction.embargosanction,Preventer prevented giver from giving artifact money to recipient at <arg5> place,,,,,evt131arg05place
transaction.transaction.giftgrantprovideaid,<arg1> gave something to recipient for the benefit of beneficiary at place,evt132arg01giver,,,,
transaction.transaction.giftgrantprovideaid,Giver gave something to <arg2> for the benefit of beneficiary at place,,evt132arg02recipient,,,
transaction.transaction.giftgrantprovideaid,Giver gave something to recipient for the benefit of <arg3> at place,,,evt132arg03beneficiary,,
transaction.transaction.giftgrantprovideaid,Giver gave something to recipient for the benefit of beneficiary at <arg4> place,,,,evt132arg04place,
transaction.transfermoney.unspecified,<arg1> gave money to recipient for the benefit of beneficiary at place,evt133arg01giver,,,,
transaction.transfermoney.unspecified,Giver gave money to <arg2> for the benefit of beneficiary at place,,evt133arg02recipient,,,
transaction.transfermoney.unspecified,Giver gave money to recipient for the benefit of <arg3> at place,,,evt133arg03beneficiary,,
transaction.transfermoney.unspecified,Giver gave <arg4> money to recipient for the benefit of beneficiary at place,,,,evt133arg04money,
transaction.transfermoney.unspecified,Giver gave money to recipient for the benefit of beneficiary at <arg5> place,,,,,evt133arg05place
transaction.transfermoney.borrowlend,<arg1> gave money to recipient for the benefit of beneficiary at place,evt134arg01giver,,,,
transaction.transfermoney.borrowlend,Giver gave money to <arg2> for the benefit of beneficiary at place,,evt134arg02recipient,,,
transaction.transfermoney.borrowlend,Giver gave money to recipient for the benefit of <arg3> at place,,,evt134arg03beneficiary,,
transaction.transfermoney.borrowlend,Giver gave <arg4> money to recipient for the benefit of beneficiary at place,,,,evt134arg04money,
transaction.transfermoney.borrowlend,Giver gave money to recipient for the benefit of beneficiary at <arg5> place,,,,,evt134arg05place
transaction.transfermoney.embargosanction,<arg1> prevented giver from giving artifact money to recipient at place,evt135arg01preventer,,,,
transaction.transfermoney.embargosanction,Preventer prevented <arg2> from giving artifact money to recipient at place,,evt135arg02giver,,,
transaction.transfermoney.embargosanction,Preventer prevented giver from giving artifact money to <arg3> at place,,,evt135arg03recipient,,
transaction.transfermoney.embargosanction,Preventer prevented giver from giving <arg4> to recipient at place,,,,evt135arg04money,
transaction.transfermoney.embargosanction,Preventer prevented giver from giving artifact money to recipient at <arg5> place,,,,,evt135arg05place
transaction.transfermoney.giftgrantprovideaid,<arg1> gave money to recipient for the benefit of beneficiary at place,evt136arg01giver,,,,
transaction.transfermoney.giftgrantprovideaid,Giver gave money to <arg2> for the benefit of beneficiary at place,,evt136arg02recipient,,,
transaction.transfermoney.giftgrantprovideaid,Giver gave money to recipient for the benefit of <arg3> at place,,,evt136arg03beneficiary,,
transaction.transfermoney.giftgrantprovideaid,Giver gave <arg4> money to recipient for the benefit of beneficiary at place,,,,evt136arg04money,
transaction.transfermoney.giftgrantprovideaid,Giver gave money to recipient for the benefit of beneficiary at <arg5> place,,,,,evt136arg05place
transaction.transfermoney.payforservice,<arg1> gave money to recipient for the benefit of beneficiary at place,evt137arg01giver,,,,
transaction.transfermoney.payforservice,Giver gave money to <arg2> for the benefit of beneficiary at place,,evt137arg02recipient,,,
transaction.transfermoney.payforservice,Giver gave money to recipient for the benefit of <arg3> at place,,,evt137arg03beneficiary,,
transaction.transfermoney.payforservice,Giver gave <arg4> money to recipient for the benefit of beneficiary at place,,,,evt137arg04money,
transaction.transfermoney.payforservice,Giver gave money to recipient for the benefit of beneficiary at <arg5> place,,,,,evt137arg05place
transaction.transfermoney.purchase,<arg1> gave money to recipient for the benefit of beneficiary at place,evt138arg01giver,,,,
transaction.transfermoney.purchase,Giver gave money to <arg2> for the benefit of beneficiary at place,,evt138arg02recipient,,,
transaction.transfermoney.purchase,Giver gave money to recipient for the benefit of <arg3> at place,,,evt138arg03beneficiary,,
transaction.transfermoney.purchase,Giver gave <arg4> money to recipient for the benefit of beneficiary at place,,,,evt138arg04money,
transaction.transfermoney.purchase,Giver gave money to recipient for the benefit of beneficiary at <arg5> place,,,,,evt138arg05place
transaction.transferownership.unspecified,<arg1> gave artifact to recipient for the benefit of beneficiary at place,evt139arg01giver,,,,
transaction.transferownership.unspecified,Giver gave artifact to <arg2> for the benefit of beneficiary at place,,evt139arg02recipient,,,
transaction.transferownership.unspecified,Giver gave artifact to recipient for the benefit of <arg3> at place,,,evt139arg03beneficiary,,
transaction.transferownership.unspecified,Giver gave <arg4> to recipient for the benefit of beneficiary at place,,,,evt139arg04artifact,
transaction.transferownership.unspecified,Giver gave artifact to recipient for the benefit of beneficiary at <arg5> place,,,,,evt139arg05place
transaction.transferownership.borrowlend,<arg1> gave artifact to recipient for the benefit of beneficiary at place,evt140arg01giver,,,,
transaction.transferownership.borrowlend,Giver gave artifact to <arg2> for the benefit of beneficiary at place,,evt140arg02recipient,,,
transaction.transferownership.borrowlend,Giver gave artifact to recipient for the benefit of <arg3> at place,,,evt140arg03beneficiary,,
transaction.transferownership.borrowlend,Giver gave <arg4> to recipient for the benefit of beneficiary at place,,,,evt140arg04artifact,
transaction.transferownership.borrowlend,Giver gave artifact to recipient for the benefit of beneficiary at <arg5> place,,,,,evt140arg05place
transaction.transferownership.embargosanction,<arg1> prevented giver from giving artifact money to recipient at place,evt141arg01preventer,,,,
transaction.transferownership.embargosanction,Preventer prevented <arg2> from giving artifact money to recipient at place,,evt141arg02giver,,,
transaction.transferownership.embargosanction,Preventer prevented giver from giving artifact money to <arg3> at place,,,evt141arg03recipient,,
transaction.transferownership.embargosanction,Preventer prevented giver from giving <arg4> to recipient at place,,,,evt141arg04artifact,
transaction.transferownership.embargosanction,Preventer prevented giver from giving artifact money to recipient at <arg5> place,,,,,evt141arg05place
transaction.transferownership.giftgrantprovideaid,<arg1> gave artifact to recipient for the benefit of beneficiary at place,evt142arg01giver,,,,
transaction.transferownership.giftgrantprovideaid,Giver gave artifact to <arg2> for the benefit of beneficiary at place,,evt142arg02recipient,,,
transaction.transferownership.giftgrantprovideaid,Giver gave artifact to recipient for the benefit of <arg3> at place,,,evt142arg03beneficiary,,
transaction.transferownership.giftgrantprovideaid,Giver gave <arg4> to recipient for the benefit of beneficiary at place,,,,evt142arg04artifact,
transaction.transferownership.giftgrantprovideaid,Giver gave artifact to recipient for the benefit of beneficiary at <arg5> place,,,,,evt142arg05place
transaction.transferownership.purchase,<arg1> gave artifact to recipient for the benefit of beneficiary at place,evt143arg01giver,,,,
transaction.transferownership.purchase,Giver gave artifact to <arg2> for the benefit of beneficiary at place,,evt143arg02recipient,,,
transaction.transferownership.purchase,Giver gave artifact to recipient for the benefit of <arg3> at place,,,evt143arg03beneficiary,,
transaction.transferownership.purchase,Giver gave <arg4> to recipient for the benefit of beneficiary at place,,,,evt143arg04artifact,
transaction.transferownership.purchase,Giver gave artifact to recipient for the benefit of beneficiary at <arg5> place,,,,,evt143arg05place
transaction.transaction.transfercontrol,<arg1> transferred control of something to recipient for the benefit of beneficiary in place,evt144arg01giver,,,,
transaction.transaction.transfercontrol,Giver transferred control of something to <arg2> for the benefit of beneficiary in place,,evt144arg02recipient,,,
transaction.transaction.transfercontrol,Giver transferred control of something to recipient for the benefit of <arg3> in place,,,evt144arg03beneficiary,,
transaction.transaction.transfercontrol,Giver transferred control of <arg4> to recipient for the benefit of beneficiary in place,,,,evt144arg04territoryorfacility,
transaction.transaction.transfercontrol,Giver transferred control of something to recipient for the benefit of beneficiary in <arg5> place,,,,,evt144arg05place
